round,slice,frame,object_ref,cell,what,why,severity,owner,rule_id,evidence,action,rules_version,note
calib,C0,adasind_019560.jpg,L2,na,SPURIOUS,E1_annotator_error,P1,annotator,R03,"compare.md L2 center SPURIOUS; ảnh gốc: box Pedestrian (455,729)-(538,869) chồng lên box Bike L1 (419,773)-(528,919)",,v1.0.0,Cần soi trên ảnh: người áo đỏ đội mũ bảo hiểm đang NGỒI trên xe máy → rider + xe = một Bike (L1 đã đủ); box Pedestrian riêng là thừa. Không phải người dắt xe.
calib,C0,adasind_019560.jpg,L4,na,SPURIOUS,E1_annotator_error,P1,annotator,R03,"compare.md L4 center SPURIOUS; ảnh gốc: box Bike nhỏ (591,782)-(643,838) nằm gọn trong box Bike L3 (591,736)-(733,911)",,v1.0.0,"Cần soi trên ảnh: người áo vàng với xe đạp đã có một box Bike L3; L4 chỉ phủ phần bánh trước của cùng chiếc xe đạp → box trùng, nên xoá. Nếu người đó đang dắt xe thì phải là Pedestrian + Bike, cần xem lại."
calib,C0,adasind_019560.jpg,L6+R3,na,WRONG_CLASS,E1_annotator_error,P1,annotator,R04,"compare.md L6+R3 edge WRONG_CLASS (L=Car, R=ThreeWheeler); ảnh gốc: xe vàng-đen ở rìa trái (34,769)-(105,855)",,v1.0.0,"Xe vàng mui đen ở rìa trái là auto-rickshaw → ThreeWheeler theo R04, không phải Car. Ở zone edge xe bị méo/nhỏ nên dễ nhầm. Bảng zone là số tổng hợp (edge: 1 missing + 1 spurious) thực chất là cùng một vật sai class."
r1_craft,B4-mid,adasind_265065.jpg,L7,L_only,ATTRIBUTE,E1_annotator_error,P2,annotator,R05,"selfqc.md: ảnh gốc zoom 4×, xe tay ga xám (160-185,800-828) đứng trước người áo trắng",rework,v1.0.0,"Bản nháp thiếu occluded cho Pedestrian (175,768)-(193,827); đã sửa trong CVAT trước khi khóa bản cuối."
r1_craft,B4-mid,adasind_265065.jpg,L1,L_only,ATTRIBUTE,E1_annotator_error,P2,annotator,R05,selfqc.md: Pedestrian L4 (148-166) đứng chắn trước xe máy đỗ (112-150),rework,v1.0.0,"Bản nháp thiếu occluded cho Bike (112,768)-(150,812); đã sửa trước khi khóa."
r1_craft,B4-mid,adasind_249480.jpg,L1,L_only,STRUCTURE,E1_annotator_error,P3,annotator,R08,Tên task CVAT ban đầu 'Day11 · ADASIND · C0 · B4-mid · raw_fisheye' (thừa C0),rework,v1.0.0,Đổi tên task thành 'Day11 · ADASIND · B4-mid · raw_fisheye' trước khi export bản cuối; không đổi nhãn.
r2_qa,B4-mid,adasind_261480.jpg,L3,L_only,WRONG_CLASS,,P1,qa,R04,"qa_review.md dòng 1: đuôi xe xám (72,768)-(98,825) bị người áo xanh che, không thấy bánh/mui",,v1.0.0,Class ThreeWheeler chưa chắc; có thể là Car nhỏ.
r2_qa,B4-mid,adasind_265065.jpg,L2,L_only,WRONG_CLASS,,P1,qa,R04,"qa_review.md dòng 2: xe kem cabin hẹp thùng kín (191,720)-(279,849)",,v1.0.0,Van chở hàng hay van chở người? R04 chưa nói rõ.
r2_qa,B4-mid,adasind_261480.jpg,L2,L_only,BOX_GEOMETRY,,P1,qa,R02,qa_review.md dòng 3: đáy box y=893 nằm trong vùng bị Bike L8 che,,v1.0.0,Có thể đã vẽ cả phần khuất; kiểm đáy box.
r2_qa,B4-mid,adasind_265065.jpg,L5,L_only,MISSING,,P2,qa,R01,"qa_review.md dòng 4: Pedestrian cao ~50 px sát ngưỡng H=40, bị xe che một phần",,v1.0.0,Ca sát ngưỡng dễ bất đồng; giữ box.
r1_craft,B4-mid,adasind_261480.jpg,L2,na,SPURIOUS,E0_reference_defect,P1,qa,R03,"compare.md L2 mid SPURIOUS; model M11 Bike (42,808)-(69,868) cũng thấy xe thứ hai",keep_with_reason,v1.0.0,Xem dòng r3_diag L2 L_only.
r1_craft,B4-mid,adasind_265065.jpg,L1,na,IGNORE_SCOPE,E1_annotator_error,P0,annotator,R09,"compare.md L1 IGNORE_SCOPE; ref crowd_or_group (0,760)-(145,815)",rework,v1.0.0,Xem dòng r3_diag L1 IGNORE_SCOPE.
r1_craft,B4-mid,adasind_265065.jpg,L5,na,SPURIOUS,E2_guideline_gap,P1,guideline,R01,compare.md L5 center SPURIOUS,keep_with_reason,v1.0.0,Xem dòng r3_diag L5.
r1_craft,B4-mid,adasind_265065.jpg,L7,na,SPURIOUS,E1_annotator_error,P1,annotator,R03,compare.md L7 mid SPURIOUS,rework,v1.0.0,Xem dòng r3_diag L7.
r1_craft,B4-mid,adasind_265065.jpg,R5,na,MISSING,E1_annotator_error,P1,annotator,R03,compare.md R5 mid MISSING,rework,v1.0.0,Cùng vật với L7: rider trên xe tay ga.
r1_craft,B4-mid,adasind_265065.jpg,R7,na,MISSING,E5_unresolved,P1,qa,R01,compare.md R7 mid MISSING,keep_with_reason,v1.0.0,Xem dòng r3_diag R7.
r1_craft,B4-mid,adasind_265065.jpg,R8,na,MISSING,E1_annotator_error,P1,annotator,R01,compare.md R8 mid MISSING,rework,v1.0.0,Xem dòng r3_diag R8+M5.
r3_diag,B4-mid,adasind_249480.jpg,M2,M_only,SPURIOUS,E4_model_domain,P1,ai_team,R03,"model_compare.md M2 Pedestrian (664,717)-(767,946) nằm trong Bike L2/R1",keep_with_reason,v1.0.0,"Model tách người lái xe máy thành Pedestrian riêng, trái R03. Lặp lại ở M4 cùng frame và M2/M5 ở 261480 → hệ thống (4 ca)."
r3_diag,B4-mid,adasind_249480.jpg,M4,M_only,SPURIOUS,E4_model_domain,P1,ai_team,R03,"model_compare.md M4 Pedestrian (623,718)-(682,895) = người ngồi sau xe máy",keep_with_reason,v1.0.0,Người ngồi sau trên xe máy đã thuộc box Bike; model box riêng. Không đổi nhãn L.
r3_diag,B4-mid,adasind_249480.jpg,M6,M_only,SPURIOUS,E4_model_domain,P1,ai_team,R03,"model_compare.md M6 Pedestrian (162,679)-(229,746) = người ngồi trên nóc Truck L1",keep_with_reason,v1.0.0,Người ngồi trên/trong phương tiện khác không box riêng (R03). Không đổi nhãn L.
r3_diag,B4-mid,adasind_261480.jpg,L3+R5,LR_noM,MISSING,E4_model_domain,P1,ai_team,R04,"model_compare.md: L3/R5 ThreeWheeler, model M8 gọi là Car (72,778)-(98,825); screenshots/261480_threewheeler_vs_model.png",escalate,v1.0.0,"Model nhầm ThreeWheeler→Car có hệ thống: 3/3 ThreeWheeler trong frame (L3,L4,L5) đều không khớp. Escalate ai_team: nghi thiếu dữ liệu auto-rickshaw trong train set."
r3_diag,B4-mid,adasind_261480.jpg,L5+R4,LR_noM,MISSING,E4_model_domain,P1,ai_team,R04,"model_compare.md: M10 Car và M12 Truck cùng phủ auto (252,746)-(336,856)",keep_with_reason,v1.0.0,Cùng nguyên nhân dòng L3+R5; model vừa sai class vừa ra 2 box trùng. Nhãn L giữ nguyên.
r3_diag,B4-mid,adasind_261480.jpg,L4+R6,LR_noM,MISSING,E4_model_domain,P1,ai_team,R04,"model_compare.md: M6 Car (95,764)-(136,843) trên ThreeWheeler L4/R6",keep_with_reason,v1.0.0,Ca thứ 3 của ThreeWheeler→Car; nhãn L và R đồng ý ThreeWheeler.
r3_diag,B4-mid,adasind_261480.jpg,L2,L_only,SPURIOUS,E0_reference_defect,P1,qa,R03,"ảnh gốc zoom 4.5×: người áo xanh (38-68,768-830) sau người áo đen, có tay lái/gương riêng; model M11 Bike (42,808)-(69,868)",keep_with_reason,v1.0.0,"Reference chỉ có 1 Bike R2 (1,754)-(70,930) cho cả hai xe. Hai nguồn độc lập (L và M) thấy xe thứ hai → giữ box, báo reference owner. Đáy box xử lý ở dòng BOX_GEOMETRY."
r3_diag,B4-mid,adasind_261480.jpg,M2,M_only,SPURIOUS,E4_model_domain,P1,ai_team,R03,"model_compare.md M2 Pedestrian (765,594)-(1080,1279) = người lái Bike L7",keep_with_reason,v1.0.0,"Rider bị tách thành Pedestrian (hệ thống, xem 249480 M2/M4)."
r3_diag,B4-mid,adasind_261480.jpg,M5,M_only,SPURIOUS,E4_model_domain,P1,ai_team,R03,"model_compare.md M5 Pedestrian (1,755)-(61,873) = người lái Bike L8",keep_with_reason,v1.0.0,Cùng lỗi tách rider.
r3_diag,B4-mid,adasind_261480.jpg,M6,M_only,SPURIOUS,E4_model_domain,P1,ai_team,R04,model_compare.md M6 Car trên ThreeWheeler L4,keep_with_reason,v1.0.0,"Sai class ThreeWheeler→Car, xem dòng L3+R5."
r3_diag,B4-mid,adasind_261480.jpg,M8,M_only,SPURIOUS,E4_model_domain,P1,ai_team,R04,model_compare.md M8 Car trên ThreeWheeler L3,keep_with_reason,v1.0.0,Sai class ThreeWheeler→Car.
r3_diag,B4-mid,adasind_261480.jpg,M10,M_only,SPURIOUS,E4_model_domain,P1,ai_team,R04,"model_compare.md M10 Car (252,746)-(336,856) trên ThreeWheeler L5",keep_with_reason,v1.0.0,Sai class ThreeWheeler→Car.
r3_diag,B4-mid,adasind_261480.jpg,M11,M_only,SPURIOUS,E0_reference_defect,P1,qa,R03,"model_compare.md M11 Bike (42,808)-(69,868) trùng vị trí L2",keep_with_reason,v1.0.0,M11 là bằng chứng ủng hộ L2 (xe thứ hai); IoU với L2 chỉ ~0.36 vì box L2 kéo quá xuống phần bị khuất.
r3_diag,B4-mid,adasind_261480.jpg,M12,M_only,SPURIOUS,E4_model_domain,P1,ai_team,R04,model_compare.md M12 Truck trùng M10 trên cùng auto,keep_with_reason,v1.0.0,Box trùng + sai class; NMS đa lớp của model không gộp.
r3_diag,B4-mid,adasind_261480.jpg,M13,M_only,SPURIOUS,E4_model_domain,P1,ai_team,R02,"model_compare.md M13 Bike (646,838)-(1080,1220) trùng M9 trên Bike L7 ở rìa phải",keep_with_reason,v1.0.0,Vật lớn bị méo ở rìa fisheye → model ra 2 box lệch nhau; nhãn L không đổi.
r3_diag,B4-mid,adasind_265065.jpg,L5,L_only,SPURIOUS,E2_guideline_gap,P1,guideline,R01,"ảnh gốc zoom 4×: người áo trắng (283-300,762-805), nửa dưới khuất sau Truck L2; R và M đều không box",keep_with_reason,v1.0.0,"Phần nhìn thấy cao ~43-50 px: R01 không nói H đo phần nhìn thấy hay toàn thân ước lượng. Giữ box, đề xuất làm rõ trong 20_guideline_patch.md."
r3_diag,B4-mid,adasind_265065.jpg,L7,L_only,SPURIOUS,E1_annotator_error,P1,annotator,R03,"ảnh gốc zoom 4×: người áo trắng (172-192,768-830) ngồi trên xe tay ga xám (158-185,800-830); screenshots/265065_rider_scooter.png",rework,v1.0.0,"Tôi gán Pedestrian cho người ngồi trên xe tay ga và bỏ qua xe; đúng R03 phải là 1 Bike bao cả người và xe. Rework: xoá Pedestrian L7, vẽ Bike (152,768)-(192,830)."
r3_diag,B4-mid,adasind_265065.jpg,R5+M7,RM_noL,MISSING,E1_annotator_error,P1,annotator,R03,"R5 Bike (152,776)-(190,830), M7 Bike (158,774)-(192,831)",rework,v1.0.0,Cùng vật với L7; R và M đồng ý là Bike.
r3_diag,B4-mid,adasind_265065.jpg,R7,R_only,MISSING,E5_unresolved,P1,qa,R01,"ảnh gốc tăng tương phản 6×: vệt trắng-xám (731-753,778-841) trước quầy, không thấy đầu/tay rõ; model không có",keep_with_reason,v1.0.0,Chưa đủ bằng chứng là người hay bao hàng. Phép kiểm tiếp: xem frame lân cận trong video gốc hoặc nhờ người soát thứ hai.
r3_diag,B4-mid,adasind_265065.jpg,R8+M5,RM_noL,MISSING,E1_annotator_error,P1,annotator,R01,"ảnh gốc tăng tương phản 6×: người mặc đồ tối đứng trong cửa hàng (748-770,766-848); M5 Pedestrian (746,762)-(771,849)",rework,v1.0.0,"Tôi bỏ sót vì người đứng trên nền tối của quầy hàng. Rework: thêm Pedestrian (748,766)-(771,848)."
r3_diag,B4-mid,adasind_265065.jpg,M8,M_only,SPURIOUS,E4_model_domain,P1,ai_team,R03,"model_compare.md M8 Bike (158,788)-(189,831) trùng M7",keep_with_reason,v1.0.0,Box trùng của model trên cùng xe tay ga.
r3_diag,B4-mid,adasind_261480.jpg,L3,LR_noM,WRONG_CLASS,E3_data_defect,P1,qa,R04,trả lời qa_review dòng 1; R5 cũng là ThreeWheeler,keep_with_reason,v1.0.0,Nhận xét QA nghi class; reference đồng ý ThreeWheeler. Ảnh mờ + bị che nên class chỉ suy từ hình khối đuôi xe; giữ nhãn.
r3_diag,B4-mid,adasind_265065.jpg,L2,LRM,WRONG_CLASS,E2_guideline_gap,P1,guideline,R04,"trả lời qa_review dòng 2; L2, R3, M1 đều Truck; screenshots/265065_van_class.png",escalate,v1.0.0,"L/R/M đồng ý Truck nhưng R04 chỉ định nghĩa 'van chở người → Car', không nói van thùng kín chở hàng. Escalate guideline, đề xuất R04a trong 20_guideline_patch.md."
r3_diag,B4-mid,adasind_261480.jpg,L2,L_only,BOX_GEOMETRY,E1_annotator_error,P1,annotator,R02,trả lời qa_review dòng 3; phần thấy được của xe áo xanh dừng ở y≈868 (M11 đáy 868),rework,v1.0.0,Đáy box y=893 đã kéo vào phần bị Bike L8 che. Rework: thu đáy box về y=868.
r3_diag,B4-mid,adasind_265065.jpg,L1,L_only,IGNORE_SCOPE,E1_annotator_error,P0,annotator,R09,"compare.md L1 IGNORE_SCOPE; cụm xe máy/auto đỗ sát nhau (0-145,760-815), từng chiếc cao <40 px hoặc chồng nhau",rework,v1.0.0,"Cụm xe đỗ không tách được thành từng vật → nên là ignore_region crowd_or_group; box Bike lẻ nằm ≥50% trong cụm. Rework: vẽ polygon crowd_or_group, xoá box L1."
